app,model,order,k,topk_accuracy,mrr,num_samples
嶝던닐嶝던닐,op_gam,,1,0.5217391304347826,0.5217391304347826,23
嶝던닐嶝던닐,op_gam,,3,0.6086956521739131,0.5507246376811594,23
嶝던닐嶝던닐,op_gam,,5,0.782608695652174,0.5920289855072464,23
ALL,op_gam,,1,0.5217391304347826,0.5217391304347826,23
ALL,op_gam,,3,0.6086956521739131,0.5507246376811594,23
ALL,op_gam,,5,0.782608695652174,0.5920289855072464,23
