app,model,order,k,topk_accuracy,mrr,num_samples
嶝던닐嶝던닐,op_markov,4,1,0.4782608695652174,0.4782608695652174,23
嶝던닐嶝던닐,op_markov,4,3,0.6086956521739131,0.536231884057971,23
嶝던닐嶝던닐,op_markov,4,5,0.7391304347826086,0.5688405797101449,23
ALL,op_markov,4,1,0.4782608695652174,0.4782608695652174,23
ALL,op_markov,4,3,0.6086956521739131,0.536231884057971,23
ALL,op_markov,4,5,0.7391304347826086,0.5688405797101449,23
