app,model,order,k,topk_accuracy,mrr,num_samples
嶝던닐嶝던닐,op_mogp,,1,0.4782608695652174,0.4782608695652174,23
嶝던닐嶝던닐,op_mogp,,3,0.6086956521739131,0.5434782608695652,23
嶝던닐嶝던닐,op_mogp,,5,0.6956521739130435,0.5652173913043478,23
ALL,op_mogp,,1,0.4782608695652174,0.4782608695652174,23
ALL,op_mogp,,3,0.6086956521739131,0.5434782608695652,23
ALL,op_mogp,,5,0.6956521739130435,0.5652173913043478,23
