app,model,order,k,topk_accuracy,mrr,num_samples
嶝던닐嶝던닐,op_markov,4,1,0.5652173913043478,0.5652173913043478,23
嶝던닐嶝던닐,op_markov,4,3,0.6521739130434783,0.6086956521739131,23
嶝던닐嶝던닐,op_markov,4,5,0.6521739130434783,0.6086956521739131,23
ALL,op_markov,4,1,0.5652173913043478,0.5652173913043478,23
ALL,op_markov,4,3,0.6521739130434783,0.6086956521739131,23
ALL,op_markov,4,5,0.6521739130434783,0.6086956521739131,23
