app,model,order,k,topk_accuracy,mrr,num_samples
嶝던닐嶝던닐,op_parametric,,1,0.5652173913043478,0.5652173913043478,23
嶝던닐嶝던닐,op_parametric,,3,0.6521739130434783,0.6014492753623187,23
嶝던닐嶝던닐,op_parametric,,5,0.6956521739130435,0.6123188405797101,23
ALL,op_parametric,,1,0.5652173913043478,0.5652173913043478,23
ALL,op_parametric,,3,0.6521739130434783,0.6014492753623187,23
ALL,op_parametric,,5,0.6956521739130435,0.6123188405797101,23
