app,model,order,k,topk_accuracy,mrr,num_samples
嶝던닐嶝던닐,op_quantile,,1,0.08695652173913043,0.08695652173913043,23
嶝던닐嶝던닐,op_quantile,,3,0.13043478260869565,0.10144927536231883,23
嶝던닐嶝던닐,op_quantile,,5,0.21739130434782608,0.12318840579710144,23
ALL,op_quantile,,1,0.08695652173913043,0.08695652173913043,23
ALL,op_quantile,,3,0.13043478260869565,0.10144927536231883,23
ALL,op_quantile,,5,0.21739130434782608,0.12318840579710144,23
