app,model,order,k,topk_accuracy,mrr,num_samples
嶝던닐嶝던닐,op_scnn,,1,0.6086956521739131,0.6086956521739131,23
嶝던닐嶝던닐,op_scnn,,3,0.7391304347826086,0.6521739130434783,23
嶝던닐嶝던닐,op_scnn,,5,0.782608695652174,0.6608695652173913,23
ALL,op_scnn,,1,0.6086956521739131,0.6086956521739131,23
ALL,op_scnn,,3,0.7391304347826086,0.6521739130434783,23
ALL,op_scnn,,5,0.782608695652174,0.6608695652173913,23
