version,model,horizon,k,hit_at_k,recall_at_k,precision_at_k,mrr,num_samples,checkpoint,split
v2,app_lstm,3,1,0.7826785339046133,0.5720989909998598,0.7826785339046133,0.7826785339046133,280773,outputs/checkpoints/app_lstm/lsapp_app_lstm.pt,data/processed/lsapp/test_app.pkl
v2,app_lstm,3,3,0.8549540019873706,0.7102452871180361,0.3564587763062823,0.815360332605626,280773,outputs/checkpoints/app_lstm/lsapp_app_lstm.pt,data/processed/lsapp/test_app.pkl
v2,app_lstm,3,5,0.8852275681778519,0.7963368984908437,0.2504208025693751,0.8222258431782774,280773,outputs/checkpoints/app_lstm/lsapp_app_lstm.pt,data/processed/lsapp/test_app.pkl
v2,app_lstm,5,1,0.8289329814476463,0.5567552622157028,0.8289329814476463,0.8289329814476463,280773,outputs/checkpoints/app_lstm/lsapp_app_lstm.pt,data/processed/lsapp/test_app.pkl
v2,app_lstm,5,3,0.8995416225919158,0.7123135907281393,0.3944633802626078,0.8609060225402043,280773,outputs/checkpoints/app_lstm/lsapp_app_lstm.pt,data/processed/lsapp/test_app.pkl
v2,app_lstm,5,5,0.9277815174536013,0.8107438427211356,0.28266321904086616,0.8673204569766184,280773,outputs/checkpoints/app_lstm/lsapp_app_lstm.pt,data/processed/lsapp/test_app.pkl
v2,app_lstm,10,1,0.8824815776445741,0.514794674837131,0.8824815776445741,0.8824815776445741,280773,outputs/checkpoints/app_lstm/lsapp_app_lstm.pt,data/processed/lsapp/test_app.pkl
v2,app_lstm,10,3,0.9710086083775862,0.765801978992185,0.5051577846396039,0.9233182440382536,280773,outputs/checkpoints/app_lstm/lsapp_app_lstm.pt,data/processed/lsapp/test_app.pkl
v2,app_lstm,10,5,0.9869004498295776,0.8733834636450754,0.3628504165276248,0.9270059205598784,280773,outputs/checkpoints/app_lstm/lsapp_app_lstm.pt,data/processed/lsapp/test_app.pkl
